<?xml version="1.0"?>
<root><timestamp>2013-05-24T07:58:05+00:00</timestamp><rates><LRUSD><BCBTC><from>Liberty Reserve (USD)</from><to>Bitcoin (BTC)</to><rate>0.0072</rate><available>200.91</available></BCBTC><MTUSD><from>Liberty Reserve (USD)</from><to>MtGox (USD)</to><rate>0.9900</rate><available>88634.7</available></MTUSD><PMUSD><from>Liberty Reserve (USD)</from><to>Perfect Money (USD)</to><rate>0.9600</rate><available>4617.76</available></PMUSD><PXUSD><from>Liberty Reserve (USD)</from><to>Pecunix (USD)</to><rate>0.9800</rate><available>1204.36</available></PXUSD><VXEUR><from>Liberty Reserve (USD)</from><to>VouchX (EUR)</to><rate>0.7510</rate><available>10049.4</available></VXEUR><VXUSD><from>Liberty Reserve (USD)</from><to>VouchX (USD)</to><rate>0.9900</rate><available>11882.2</available></VXUSD><CPUSD><from>Liberty Reserve (USD)</from><to>CosmicPay (USD)</to><rate>0.9900</rate><available>7557.52</available></CPUSD><CPEUR><from>Liberty Reserve (USD)</from><to>CosmicPay (EUR)</to><rate>0.7510</rate><available>10612.7</available></CPEUR><CGUSD><from>Liberty Reserve (USD)</from><to>C-Gold (USD)</to><rate>1.0000</rate><available>300</available></CGUSD><WTUSD><from>Liberty Reserve (USD)</from><to>Wire Transfer (USD)</to><rate>0.9600</rate><available>50000</available></WTUSD><WTEUR><from>Liberty Reserve (USD)</from><to>Wire Transfer (EUR)</to><rate>0.7355</rate><available>50000</available></WTEUR><WTGBP><from>Liberty Reserve (USD)</from><to>Wire Transfer (GBP)</to><rate>0.6298</rate><available>50000</available></WTGBP></LRUSD><BCBTC><LRUSD><from>Bitcoin (BTC)</from><to>Liberty Reserve (USD)</to><rate>119.3423</rate><available>3922.93</available></LRUSD><MTUSD><from>Bitcoin (BTC)</from><to>MtGox (USD)</to><rate>114.2640</rate><available>88634.7</available></MTUSD><PMUSD><from>Bitcoin (BTC)</from><to>Perfect Money (USD)</to><rate>112.9944</rate><available>4617.76</available></PMUSD><PXUSD><from>Bitcoin (BTC)</from><to>Pecunix (USD)</to><rate>112.9944</rate><available>1204.36</available></PXUSD><VXEUR><from>Bitcoin (BTC)</from><to>VouchX (EUR)</to><rate>87.4916</rate><available>10049.4</available></VXEUR><VXUSD><from>Bitcoin (BTC)</from><to>VouchX (USD)</to><rate>112.9944</rate><available>11882.2</available></VXUSD><CPUSD><from>Bitcoin (BTC)</from><to>CosmicPay (USD)</to><rate>112.9944</rate><available>7557.52</available></CPUSD><CPEUR><from>Bitcoin (BTC)</from><to>CosmicPay (EUR)</to><rate>87.4916</rate><available>10612.7</available></CPEUR><CGUSD><from>Bitcoin (BTC)</from><to>C-Gold (USD)</to><rate>112.9944</rate><available>300</available></CGUSD><WTUSD><from>Bitcoin (BTC)</from><to>Wire Transfer (USD)</to><rate>112.9944</rate><available>50000</available></WTUSD><WTEUR><from>Bitcoin (BTC)</from><to>Wire Transfer (EUR)</to><rate>87.4916</rate><available>50000</available></WTEUR><WTGBP><from>Bitcoin (BTC)</from><to>Wire Transfer (GBP)</to><rate>74.9153</rate><available>50000</available></WTGBP></BCBTC><MTUSD><LRUSD><from>MtGox (USD)</from><to>Liberty Reserve (USD)</to><rate>0.9700</rate><available>3922.93</available></LRUSD><BCBTC><from>MtGox (USD)</from><to>Bitcoin (BTC)</to><rate>0.0071</rate><available>200.91</available></BCBTC><PMUSD><from>MtGox (USD)</from><to>Perfect Money (USD)</to><rate>0.9600</rate><available>4617.76</available></PMUSD><PXUSD><from>MtGox (USD)</from><to>Pecunix (USD)</to><rate>0.9800</rate><available>1204.36</available></PXUSD><VXEUR><from>MtGox (USD)</from><to>VouchX (EUR)</to><rate>0.7278</rate><available>10049.4</available></VXEUR><VXUSD><from>MtGox (USD)</from><to>VouchX (USD)</to><rate>0.9800</rate><available>11882.2</available></VXUSD><CPUSD><from>MtGox (USD)</from><to>CosmicPay (USD)</to><rate>0.9800</rate><available>7557.52</available></CPUSD><CPEUR><from>MtGox (USD)</from><to>CosmicPay (EUR)</to><rate>0.7433</rate><available>10612.7</available></CPEUR><CGUSD><from>MtGox (USD)</from><to>C-Gold (USD)</to><rate>1.0000</rate><available>300</available></CGUSD><WTUSD><from>MtGox (USD)</from><to>Wire Transfer (USD)</to><rate>0.9700</rate><available>50000</available></WTUSD><WTEUR><from>MtGox (USD)</from><to>Wire Transfer (EUR)</to><rate>0.6968</rate><available>50000</available></WTEUR><WTGBP><from>MtGox (USD)</from><to>Wire Transfer (GBP)</to><rate>0.5967</rate><available>50000</available></WTGBP></MTUSD><PMUSD><LRUSD><from>Perfect Money (USD)</from><to>Liberty Reserve (USD)</to><rate>1.0000</rate><available>3922.93</available></LRUSD><BCBTC><from>Perfect Money (USD)</from><to>Bitcoin (BTC)</to><rate>0.0078</rate><available>200.91</available></BCBTC><MTUSD><from>Perfect Money (USD)</from><to>MtGox (USD)</to><rate>1.0000</rate><available>88634.7</available></MTUSD><PXUSD><from>Perfect Money (USD)</from><to>Pecunix (USD)</to><rate>1.0000</rate><available>1204.36</available></PXUSD><VXEUR><from>Perfect Money (USD)</from><to>VouchX (EUR)</to><rate>0.7743</rate><available>10049.4</available></VXEUR><VXUSD><from>Perfect Money (USD)</from><to>VouchX (USD)</to><rate>1.0000</rate><available>11882.2</available></VXUSD><CPUSD><from>Perfect Money (USD)</from><to>CosmicPay (USD)</to><rate>1.0000</rate><available>7557.52</available></CPUSD><CPEUR><from>Perfect Money (USD)</from><to>CosmicPay (EUR)</to><rate>0.7743</rate><available>10612.7</available></CPEUR><CGUSD><from>Perfect Money (USD)</from><to>C-Gold (USD)</to><rate>1.0000</rate><available>300</available></CGUSD><WTUSD><from>Perfect Money (USD)</from><to>Wire Transfer (USD)</to><rate>1.0000</rate><available>50000</available></WTUSD><WTEUR><from>Perfect Money (USD)</from><to>Wire Transfer (EUR)</to><rate>0.7665</rate><available>50000</available></WTEUR><WTGBP><from>Perfect Money (USD)</from><to>Wire Transfer (GBP)</to><rate>0.6563</rate><available>50000</available></WTGBP></PMUSD><BSUSD><LRUSD><from>Bitstamp (USD)</from><to>Liberty Reserve (USD)</to><rate>0.9900</rate><available>3922.93</available></LRUSD><BCBTC><from>Bitstamp (USD)</from><to>Bitcoin (BTC)</to><rate>0.0072</rate><available>200.91</available></BCBTC><MTUSD><from>Bitstamp (USD)</from><to>MtGox (USD)</to><rate>1.0000</rate><available>88634.7</available></MTUSD><PMUSD><from>Bitstamp (USD)</from><to>Perfect Money (USD)</to><rate>0.9600</rate><available>4617.76</available></PMUSD><PXUSD><from>Bitstamp (USD)</from><to>Pecunix (USD)</to><rate>0.9500</rate><available>1204.36</available></PXUSD><VXEUR><from>Bitstamp (USD)</from><to>VouchX (EUR)</to><rate>0.7433</rate><available>10049.4</available></VXEUR><VXUSD><from>Bitstamp (USD)</from><to>VouchX (USD)</to><rate>0.9900</rate><available>11882.2</available></VXUSD><CPUSD><from>Bitstamp (USD)</from><to>CosmicPay (USD)</to><rate>0.9800</rate><available>7557.52</available></CPUSD><CPEUR><from>Bitstamp (USD)</from><to>CosmicPay (EUR)</to><rate>0.7433</rate><available>10612.7</available></CPEUR><CGUSD><from>Bitstamp (USD)</from><to>C-Gold (USD)</to><rate>1.0000</rate><available>300</available></CGUSD><WTUSD><from>Bitstamp (USD)</from><to>Wire Transfer (USD)</to><rate>0.9800</rate><available>50000</available></WTUSD><WTEUR><from>Bitstamp (USD)</from><to>Wire Transfer (EUR)</to><rate>0.7355</rate><available>50000</available></WTEUR><WTGBP><from>Bitstamp (USD)</from><to>Wire Transfer (GBP)</to><rate>0.6232</rate><available>50000</available></WTGBP></BSUSD><BEUSD><LRUSD><from>BTC-e (USD)</from><to>Liberty Reserve (USD)</to><rate>1.0000</rate><available>3922.93</available></LRUSD><BCBTC><from>BTC-e (USD)</from><to>Bitcoin (BTC)</to><rate>0.0072</rate><available>200.91</available></BCBTC><MTUSD><from>BTC-e (USD)</from><to>MtGox (USD)</to><rate>1.0000</rate><available>88634.7</available></MTUSD><PMUSD><from>BTC-e (USD)</from><to>Perfect Money (USD)</to><rate>0.9800</rate><available>4617.76</available></PMUSD><PXUSD><from>BTC-e (USD)</from><to>Pecunix (USD)</to><rate>1.0000</rate><available>1204.36</available></PXUSD><VXEUR><from>BTC-e (USD)</from><to>VouchX (EUR)</to><rate>0.7510</rate><available>10049.4</available></VXEUR><VXUSD><from>BTC-e (USD)</from><to>VouchX (USD)</to><rate>1.0000</rate><available>11882.2</available></VXUSD><CPUSD><from>BTC-e (USD)</from><to>CosmicPay (USD)</to><rate>1.0000</rate><available>7557.52</available></CPUSD><CPEUR><from>BTC-e (USD)</from><to>CosmicPay (EUR)</to><rate>0.7510</rate><available>10612.7</available></CPEUR><CGUSD><from>BTC-e (USD)</from><to>C-Gold (USD)</to><rate>1.0000</rate><available>300</available></CGUSD><WTUSD><from>BTC-e (USD)</from><to>Wire Transfer (USD)</to><rate>1.0000</rate><available>50000</available></WTUSD><WTEUR><from>BTC-e (USD)</from><to>Wire Transfer (EUR)</to><rate>0.7433</rate><available>50000</available></WTEUR><WTGBP><from>BTC-e (USD)</from><to>Wire Transfer (GBP)</to><rate>0.6364</rate><available>50000</available></WTGBP></BEUSD><PXUSD><LRUSD><from>Pecunix (USD)</from><to>Liberty Reserve (USD)</to><rate>0.9400</rate><available>3922.93</available></LRUSD><BCBTC><from>Pecunix (USD)</from><to>Bitcoin (BTC)</to><rate>0.0062</rate><available>200.91</available></BCBTC><MTUSD><from>Pecunix (USD)</from><to>MtGox (USD)</to><rate>0.9400</rate><available>88634.7</available></MTUSD><PMUSD><from>Pecunix (USD)</from><to>Perfect Money (USD)</to><rate>0.9300</rate><available>4617.76</available></PMUSD><VXEUR><from>Pecunix (USD)</from><to>VouchX (EUR)</to><rate>0.7123</rate><available>10049.4</available></VXEUR><VXUSD><from>Pecunix (USD)</from><to>VouchX (USD)</to><rate>0.9400</rate><available>11882.2</available></VXUSD><CPUSD><from>Pecunix (USD)</from><to>CosmicPay (USD)</to><rate>0.9700</rate><available>7557.52</available></CPUSD><CPEUR><from>Pecunix (USD)</from><to>CosmicPay (EUR)</to><rate>0.7123</rate><available>10612.7</available></CPEUR><CGUSD><from>Pecunix (USD)</from><to>C-Gold (USD)</to><rate>1.0000</rate><available>300</available></CGUSD><WTUSD><from>Pecunix (USD)</from><to>Wire Transfer (USD)</to><rate>0.0000</rate><available>50000</available></WTUSD><WTEUR><from>Pecunix (USD)</from><to>Wire Transfer (EUR)</to><rate>0.0000</rate><available>50000</available></WTEUR><WTGBP><from>Pecunix (USD)</from><to>Wire Transfer (GBP)</to><rate>0.0000</rate><available>50000</available></WTGBP></PXUSD><VXEUR><LRUSD><from>VouchX (EUR)</from><to>Liberty Reserve (USD)</to><rate>1.2397</rate><available>3922.93</available></LRUSD><BCBTC><from>VouchX (EUR)</from><to>Bitcoin (BTC)</to><rate>0.0094</rate><available>200.91</available></BCBTC><MTUSD><from>VouchX (EUR)</from><to>MtGox (USD)</to><rate>1.2397</rate><available>88634.7</available></MTUSD><PMUSD><from>VouchX (EUR)</from><to>Perfect Money (USD)</to><rate>1.2010</rate><available>4617.76</available></PMUSD><PXUSD><from>VouchX (EUR)</from><to>Pecunix (USD)</to><rate>1.2397</rate><available>1204.36</available></PXUSD><VXUSD><from>VouchX (EUR)</from><to>VouchX (USD)</to><rate>1.2526</rate><available>11882.2</available></VXUSD><CPUSD><from>VouchX (EUR)</from><to>CosmicPay (USD)</to><rate>1.2397</rate><available>7557.52</available></CPUSD><CPEUR><from>VouchX (EUR)</from><to>CosmicPay (EUR)</to><rate>0.9800</rate><available>10612.7</available></CPEUR><CGUSD><from>VouchX (EUR)</from><to>C-Gold (USD)</to><rate>1.2655</rate><available>300</available></CGUSD><WTUSD><from>VouchX (EUR)</from><to>Wire Transfer (USD)</to><rate>1.2397</rate><available>50000</available></WTUSD><WTEUR><from>VouchX (EUR)</from><to>Wire Transfer (EUR)</to><rate>0.9800</rate><available>50000</available></WTEUR><WTGBP><from>VouchX (EUR)</from><to>Wire Transfer (GBP)</to><rate>0.8305</rate><available>50000</available></WTGBP></VXEUR><VXUSD><LRUSD><from>VouchX (USD)</from><to>Liberty Reserve (USD)</to><rate>0.9800</rate><available>3922.93</available></LRUSD><BCBTC><from>VouchX (USD)</from><to>Bitcoin (BTC)</to><rate>0.0074</rate><available>200.91</available></BCBTC><MTUSD><from>VouchX (USD)</from><to>MtGox (USD)</to><rate>0.9900</rate><available>88634.7</available></MTUSD><PMUSD><from>VouchX (USD)</from><to>Perfect Money (USD)</to><rate>0.9600</rate><available>4617.76</available></PMUSD><PXUSD><from>VouchX (USD)</from><to>Pecunix (USD)</to><rate>0.9900</rate><available>1204.36</available></PXUSD><VXEUR><from>VouchX (USD)</from><to>VouchX (EUR)</to><rate>0.7510</rate><available>10049.4</available></VXEUR><CPUSD><from>VouchX (USD)</from><to>CosmicPay (USD)</to><rate>0.9900</rate><available>7557.52</available></CPUSD><CPEUR><from>VouchX (USD)</from><to>CosmicPay (EUR)</to><rate>0.7433</rate><available>10612.7</available></CPEUR><CGUSD><from>VouchX (USD)</from><to>C-Gold (USD)</to><rate>0.9900</rate><available>300</available></CGUSD><WTUSD><from>VouchX (USD)</from><to>Wire Transfer (USD)</to><rate>0.9800</rate><available>50000</available></WTUSD><WTEUR><from>VouchX (USD)</from><to>Wire Transfer (EUR)</to><rate>0.7433</rate><available>50000</available></WTEUR><WTGBP><from>VouchX (USD)</from><to>Wire Transfer (GBP)</to><rate>0.6431</rate><available>50000</available></WTGBP></VXUSD><CPUSD><LRUSD><from>CosmicPay (USD)</from><to>Liberty Reserve (USD)</to><rate>0.9700</rate><available>3922.93</available></LRUSD><BCBTC><from>CosmicPay (USD)</from><to>Bitcoin (BTC)</to><rate>0.0072</rate><available>200.91</available></BCBTC><MTUSD><from>CosmicPay (USD)</from><to>MtGox (USD)</to><rate>0.9800</rate><available>88634.7</available></MTUSD><PMUSD><from>CosmicPay (USD)</from><to>Perfect Money (USD)</to><rate>0.9500</rate><available>4617.76</available></PMUSD><PXUSD><from>CosmicPay (USD)</from><to>Pecunix (USD)</to><rate>0.9800</rate><available>1204.36</available></PXUSD><VXEUR><from>CosmicPay (USD)</from><to>VouchX (EUR)</to><rate>0.7510</rate><available>10049.4</available></VXEUR><VXUSD><from>CosmicPay (USD)</from><to>VouchX (USD)</to><rate>0.9900</rate><available>11882.2</available></VXUSD><CPEUR><from>CosmicPay (USD)</from><to>CosmicPay (EUR)</to><rate>0.7510</rate><available>10612.7</available></CPEUR><CGUSD><from>CosmicPay (USD)</from><to>C-Gold (USD)</to><rate>0.9900</rate><available>300</available></CGUSD><WTUSD><from>CosmicPay (USD)</from><to>Wire Transfer (USD)</to><rate>0.9700</rate><available>50000</available></WTUSD><WTEUR><from>CosmicPay (USD)</from><to>Wire Transfer (EUR)</to><rate>0.7355</rate><available>50000</available></WTEUR><WTGBP><from>CosmicPay (USD)</from><to>Wire Transfer (GBP)</to><rate>0.6298</rate><available>50000</available></WTGBP></CPUSD><CPEUR><LRUSD><from>CosmicPay (EUR)</from><to>Liberty Reserve (USD)</to><rate>1.2268</rate><available>3922.93</available></LRUSD><BCBTC><from>CosmicPay (EUR)</from><to>Bitcoin (BTC)</to><rate>0.0093</rate><available>200.91</available></BCBTC><MTUSD><from>CosmicPay (EUR)</from><to>MtGox (USD)</to><rate>1.2526</rate><available>88634.7</available></MTUSD><PMUSD><from>CosmicPay (EUR)</from><to>Perfect Money (USD)</to><rate>1.1880</rate><available>4617.76</available></PMUSD><PXUSD><from>CosmicPay (EUR)</from><to>Pecunix (USD)</to><rate>1.2655</rate><available>1204.36</available></PXUSD><VXEUR><from>CosmicPay (EUR)</from><to>VouchX (EUR)</to><rate>0.9800</rate><available>10049.4</available></VXEUR><VXUSD><from>CosmicPay (EUR)</from><to>VouchX (USD)</to><rate>1.2526</rate><available>11882.2</available></VXUSD><CPUSD><from>CosmicPay (EUR)</from><to>CosmicPay (USD)</to><rate>1.2526</rate><available>7557.52</available></CPUSD><CGUSD><from>CosmicPay (EUR)</from><to>C-Gold (USD)</to><rate>1.2655</rate><available>300</available></CGUSD><WTUSD><from>CosmicPay (EUR)</from><to>Wire Transfer (USD)</to><rate>1.2268</rate><available>50000</available></WTUSD><WTEUR><from>CosmicPay (EUR)</from><to>Wire Transfer (EUR)</to><rate>0.9700</rate><available>50000</available></WTEUR><WTGBP><from>CosmicPay (EUR)</from><to>Wire Transfer (GBP)</to><rate>0.8133</rate><available>50000</available></WTGBP></CPEUR><WTUSD><LRUSD><from>Wire Transfer (USD)</from><to>Liberty Reserve (USD)</to><rate>0.9800</rate><available>3922.93</available></LRUSD><BCBTC><from>Wire Transfer (USD)</from><to>Bitcoin (BTC)</to><rate>0.0000</rate><available>200.91</available></BCBTC><MTUSD><from>Wire Transfer (USD)</from><to>MtGox (USD)</to><rate>0.9900</rate><available>88634.7</available></MTUSD><PMUSD><from>Wire Transfer (USD)</from><to>Perfect Money (USD)</to><rate>0.9600</rate><available>4617.76</available></PMUSD><PXUSD><from>Wire Transfer (USD)</from><to>Pecunix (USD)</to><rate>0.9900</rate><available>1204.36</available></PXUSD><VXEUR><from>Wire Transfer (USD)</from><to>VouchX (EUR)</to><rate>0.7510</rate><available>10049.4</available></VXEUR><VXUSD><from>Wire Transfer (USD)</from><to>VouchX (USD)</to><rate>0.9900</rate><available>11882.2</available></VXUSD><CPUSD><from>Wire Transfer (USD)</from><to>CosmicPay (USD)</to><rate>0.9900</rate><available>7557.52</available></CPUSD><CPEUR><from>Wire Transfer (USD)</from><to>CosmicPay (EUR)</to><rate>0.7433</rate><available>10612.7</available></CPEUR><CGUSD><from>Wire Transfer (USD)</from><to>C-Gold (USD)</to><rate>1.0000</rate><available>300</available></CGUSD><WTEUR><from>Wire Transfer (USD)</from><to>Wire Transfer (EUR)</to><rate>0.0000</rate><available>50000</available></WTEUR><WTGBP><from>Wire Transfer (USD)</from><to>Wire Transfer (GBP)</to><rate>0.0000</rate><available>50000</available></WTGBP></WTUSD><WTEUR><LRUSD><from>Wire Transfer (EUR)</from><to>Liberty Reserve (USD)</to><rate>1.2268</rate><available>3922.93</available></LRUSD><BCBTC><from>Wire Transfer (EUR)</from><to>Bitcoin (BTC)</to><rate>0.0000</rate><available>200.91</available></BCBTC><MTUSD><from>Wire Transfer (EUR)</from><to>MtGox (USD)</to><rate>1.2397</rate><available>88634.7</available></MTUSD><PMUSD><from>Wire Transfer (EUR)</from><to>Perfect Money (USD)</to><rate>1.2268</rate><available>4617.76</available></PMUSD><PXUSD><from>Wire Transfer (EUR)</from><to>Pecunix (USD)</to><rate>1.2526</rate><available>1204.36</available></PXUSD><VXEUR><from>Wire Transfer (EUR)</from><to>VouchX (EUR)</to><rate>0.9900</rate><available>10049.4</available></VXEUR><VXUSD><from>Wire Transfer (EUR)</from><to>VouchX (USD)</to><rate>1.2526</rate><available>11882.2</available></VXUSD><CPUSD><from>Wire Transfer (EUR)</from><to>CosmicPay (USD)</to><rate>1.2397</rate><available>7557.52</available></CPUSD><CPEUR><from>Wire Transfer (EUR)</from><to>CosmicPay (EUR)</to><rate>0.9700</rate><available>10612.7</available></CPEUR><CGUSD><from>Wire Transfer (EUR)</from><to>C-Gold (USD)</to><rate>1.2655</rate><available>300</available></CGUSD><WTUSD><from>Wire Transfer (EUR)</from><to>Wire Transfer (USD)</to><rate>0.0000</rate><available>50000</available></WTUSD><WTGBP><from>Wire Transfer (EUR)</from><to>Wire Transfer (GBP)</to><rate>0.0000</rate><available>50000</available></WTGBP></WTEUR><WTGBP><LRUSD><from>Wire Transfer (GBP)</from><to>Liberty Reserve (USD)</to><rate>1.4327</rate><available>3922.93</available></LRUSD><BCBTC><from>Wire Transfer (GBP)</from><to>Bitcoin (BTC)</to><rate>0.0000</rate><available>200.91</available></BCBTC><MTUSD><from>Wire Transfer (GBP)</from><to>MtGox (USD)</to><rate>1.4478</rate><available>88634.7</available></MTUSD><PMUSD><from>Wire Transfer (GBP)</from><to>Perfect Money (USD)</to><rate>1.4026</rate><available>4617.76</available></PMUSD><PXUSD><from>Wire Transfer (GBP)</from><to>Pecunix (USD)</to><rate>1.4629</rate><available>1204.36</available></PXUSD><VXEUR><from>Wire Transfer (GBP)</from><to>VouchX (EUR)</to><rate>1.1210</rate><available>10049.4</available></VXEUR><VXUSD><from>Wire Transfer (GBP)</from><to>VouchX (USD)</to><rate>1.4629</rate><available>11882.2</available></VXUSD><CPUSD><from>Wire Transfer (GBP)</from><to>CosmicPay (USD)</to><rate>1.4478</rate><available>7557.52</available></CPUSD><CPEUR><from>Wire Transfer (GBP)</from><to>CosmicPay (EUR)</to><rate>1.1210</rate><available>10612.7</available></CPEUR><CGUSD><from>Wire Transfer (GBP)</from><to>C-Gold (USD)</to><rate>1.4780</rate><available>300</available></CGUSD><WTUSD><from>Wire Transfer (GBP)</from><to>Wire Transfer (USD)</to><rate>0.0000</rate><available>50000</available></WTUSD><WTEUR><from>Wire Transfer (GBP)</from><to>Wire Transfer (EUR)</to><rate>0.0000</rate><available>50000</available></WTEUR></WTGBP></rates></root>
