{"timestamp":"2013-05-24T07:58:05+00:00","rates":{"LRUSD":{"BCBTC":{"from":"Liberty Reserve (USD)","to":"Bitcoin (BTC)","rate":"0.0072","available":"200.91"},"MTUSD":{"from":"Liberty Reserve (USD)","to":"MtGox (USD)","rate":"0.9900","available":"88634.7"},"PMUSD":{"from":"Liberty Reserve (USD)","to":"Perfect Money (USD)","rate":"0.9600","available":"4617.76"},"PXUSD":{"from":"Liberty Reserve (USD)","to":"Pecunix (USD)","rate":"0.9800","available":"1204.36"},"VXEUR":{"from":"Liberty Reserve (USD)","to":"VouchX (EUR)","rate":"0.7510","available":"10049.4"},"VXUSD":{"from":"Liberty Reserve (USD)","to":"VouchX (USD)","rate":"0.9900","available":"11882.2"},"CPUSD":{"from":"Liberty Reserve (USD)","to":"CosmicPay (USD)","rate":"0.9900","available":"7557.52"},"CPEUR":{"from":"Liberty Reserve (USD)","to":"CosmicPay (EUR)","rate":"0.7510","available":"10612.7"},"CGUSD":{"from":"Liberty Reserve (USD)","to":"C-Gold (USD)","rate":"1.0000","available":"300"},"WTUSD":{"from":"Liberty Reserve (USD)","to":"Wire Transfer (USD)","rate":"0.9600","available":"50000"},"WTEUR":{"from":"Liberty Reserve (USD)","to":"Wire Transfer (EUR)","rate":"0.7355","available":"50000"},"WTGBP":{"from":"Liberty Reserve (USD)","to":"Wire Transfer (GBP)","rate":"0.6298","available":"50000"}},"BCBTC":{"LRUSD":{"from":"Bitcoin (BTC)","to":"Liberty Reserve (USD)","rate":"119.3423","available":"3922.93"},"MTUSD":{"from":"Bitcoin (BTC)","to":"MtGox (USD)","rate":"114.2640","available":"88634.7"},"PMUSD":{"from":"Bitcoin (BTC)","to":"Perfect Money (USD)","rate":"112.9944","available":"4617.76"},"PXUSD":{"from":"Bitcoin (BTC)","to":"Pecunix (USD)","rate":"112.9944","available":"1204.36"},"VXEUR":{"from":"Bitcoin (BTC)","to":"VouchX (EUR)","rate":"87.4916","available":"10049.4"},"VXUSD":{"from":"Bitcoin (BTC)","to":"VouchX (USD)","rate":"112.9944","available":"11882.2"},"CPUSD":{"from":"Bitcoin (BTC)","to":"CosmicPay (USD)","rate":"112.9944","available":"7557.52"},"CPEUR":{"from":"Bitcoin (BTC)","to":"CosmicPay (EUR)","rate":"87.4916","available":"10612.7"},"CGUSD":{"from":"Bitcoin (BTC)","to":"C-Gold (USD)","rate":"112.9944","available":"300"},"WTUSD":{"from":"Bitcoin (BTC)","to":"Wire Transfer (USD)","rate":"112.9944","available":"50000"},"WTEUR":{"from":"Bitcoin (BTC)","to":"Wire Transfer (EUR)","rate":"87.4916","available":"50000"},"WTGBP":{"from":"Bitcoin (BTC)","to":"Wire Transfer (GBP)","rate":"74.9153","available":"50000"}},"MTUSD":{"LRUSD":{"from":"MtGox (USD)","to":"Liberty Reserve (USD)","rate":"0.9700","available":"3922.93"},"BCBTC":{"from":"MtGox (USD)","to":"Bitcoin (BTC)","rate":"0.0071","available":"200.91"},"PMUSD":{"from":"MtGox (USD)","to":"Perfect Money (USD)","rate":"0.9600","available":"4617.76"},"PXUSD":{"from":"MtGox (USD)","to":"Pecunix (USD)","rate":"0.9800","available":"1204.36"},"VXEUR":{"from":"MtGox (USD)","to":"VouchX (EUR)","rate":"0.7278","available":"10049.4"},"VXUSD":{"from":"MtGox (USD)","to":"VouchX (USD)","rate":"0.9800","available":"11882.2"},"CPUSD":{"from":"MtGox (USD)","to":"CosmicPay (USD)","rate":"0.9800","available":"7557.52"},"CPEUR":{"from":"MtGox (USD)","to":"CosmicPay (EUR)","rate":"0.7433","available":"10612.7"},"CGUSD":{"from":"MtGox (USD)","to":"C-Gold (USD)","rate":"1.0000","available":"300"},"WTUSD":{"from":"MtGox (USD)","to":"Wire Transfer (USD)","rate":"0.9700","available":"50000"},"WTEUR":{"from":"MtGox (USD)","to":"Wire Transfer (EUR)","rate":"0.6968","available":"50000"},"WTGBP":{"from":"MtGox (USD)","to":"Wire Transfer (GBP)","rate":"0.5967","available":"50000"}},"PMUSD":{"LRUSD":{"from":"Perfect Money (USD)","to":"Liberty Reserve (USD)","rate":"1.0000","available":"3922.93"},"BCBTC":{"from":"Perfect Money (USD)","to":"Bitcoin (BTC)","rate":"0.0078","available":"200.91"},"MTUSD":{"from":"Perfect Money (USD)","to":"MtGox (USD)","rate":"1.0000","available":"88634.7"},"PXUSD":{"from":"Perfect Money (USD)","to":"Pecunix (USD)","rate":"1.0000","available":"1204.36"},"VXEUR":{"from":"Perfect Money (USD)","to":"VouchX (EUR)","rate":"0.7743","available":"10049.4"},"VXUSD":{"from":"Perfect Money (USD)","to":"VouchX (USD)","rate":"1.0000","available":"11882.2"},"CPUSD":{"from":"Perfect Money (USD)","to":"CosmicPay (USD)","rate":"1.0000","available":"7557.52"},"CPEUR":{"from":"Perfect Money (USD)","to":"CosmicPay (EUR)","rate":"0.7743","available":"10612.7"},"CGUSD":{"from":"Perfect Money (USD)","to":"C-Gold (USD)","rate":"1.0000","available":"300"},"WTUSD":{"from":"Perfect Money (USD)","to":"Wire Transfer (USD)","rate":"1.0000","available":"50000"},"WTEUR":{"from":"Perfect Money (USD)","to":"Wire Transfer (EUR)","rate":"0.7665","available":"50000"},"WTGBP":{"from":"Perfect Money (USD)","to":"Wire Transfer (GBP)","rate":"0.6563","available":"50000"}},"BSUSD":{"LRUSD":{"from":"Bitstamp (USD)","to":"Liberty Reserve (USD)","rate":"0.9900","available":"3922.93"},"BCBTC":{"from":"Bitstamp (USD)","to":"Bitcoin (BTC)","rate":"0.0072","available":"200.91"},"MTUSD":{"from":"Bitstamp (USD)","to":"MtGox (USD)","rate":"1.0000","available":"88634.7"},"PMUSD":{"from":"Bitstamp (USD)","to":"Perfect Money (USD)","rate":"0.9600","available":"4617.76"},"PXUSD":{"from":"Bitstamp (USD)","to":"Pecunix (USD)","rate":"0.9500","available":"1204.36"},"VXEUR":{"from":"Bitstamp (USD)","to":"VouchX (EUR)","rate":"0.7433","available":"10049.4"},"VXUSD":{"from":"Bitstamp (USD)","to":"VouchX (USD)","rate":"0.9900","available":"11882.2"},"CPUSD":{"from":"Bitstamp (USD)","to":"CosmicPay (USD)","rate":"0.9800","available":"7557.52"},"CPEUR":{"from":"Bitstamp (USD)","to":"CosmicPay (EUR)","rate":"0.7433","available":"10612.7"},"CGUSD":{"from":"Bitstamp (USD)","to":"C-Gold (USD)","rate":"1.0000","available":"300"},"WTUSD":{"from":"Bitstamp (USD)","to":"Wire Transfer (USD)","rate":"0.9800","available":"50000"},"WTEUR":{"from":"Bitstamp (USD)","to":"Wire Transfer (EUR)","rate":"0.7355","available":"50000"},"WTGBP":{"from":"Bitstamp (USD)","to":"Wire Transfer (GBP)","rate":"0.6232","available":"50000"}},"BEUSD":{"LRUSD":{"from":"BTC-e (USD)","to":"Liberty Reserve (USD)","rate":"1.0000","available":"3922.93"},"BCBTC":{"from":"BTC-e (USD)","to":"Bitcoin (BTC)","rate":"0.0072","available":"200.91"},"MTUSD":{"from":"BTC-e (USD)","to":"MtGox (USD)","rate":"1.0000","available":"88634.7"},"PMUSD":{"from":"BTC-e (USD)","to":"Perfect Money (USD)","rate":"0.9800","available":"4617.76"},"PXUSD":{"from":"BTC-e (USD)","to":"Pecunix (USD)","rate":"1.0000","available":"1204.36"},"VXEUR":{"from":"BTC-e (USD)","to":"VouchX (EUR)","rate":"0.7510","available":"10049.4"},"VXUSD":{"from":"BTC-e (USD)","to":"VouchX (USD)","rate":"1.0000","available":"11882.2"},"CPUSD":{"from":"BTC-e (USD)","to":"CosmicPay (USD)","rate":"1.0000","available":"7557.52"},"CPEUR":{"from":"BTC-e (USD)","to":"CosmicPay (EUR)","rate":"0.7510","available":"10612.7"},"CGUSD":{"from":"BTC-e (USD)","to":"C-Gold (USD)","rate":"1.0000","available":"300"},"WTUSD":{"from":"BTC-e (USD)","to":"Wire Transfer (USD)","rate":"1.0000","available":"50000"},"WTEUR":{"from":"BTC-e (USD)","to":"Wire Transfer (EUR)","rate":"0.7433","available":"50000"},"WTGBP":{"from":"BTC-e (USD)","to":"Wire Transfer (GBP)","rate":"0.6364","available":"50000"}},"PXUSD":{"LRUSD":{"from":"Pecunix (USD)","to":"Liberty Reserve (USD)","rate":"0.9400","available":"3922.93"},"BCBTC":{"from":"Pecunix (USD)","to":"Bitcoin (BTC)","rate":"0.0062","available":"200.91"},"MTUSD":{"from":"Pecunix (USD)","to":"MtGox (USD)","rate":"0.9400","available":"88634.7"},"PMUSD":{"from":"Pecunix (USD)","to":"Perfect Money (USD)","rate":"0.9300","available":"4617.76"},"VXEUR":{"from":"Pecunix (USD)","to":"VouchX (EUR)","rate":"0.7123","available":"10049.4"},"VXUSD":{"from":"Pecunix (USD)","to":"VouchX (USD)","rate":"0.9400","available":"11882.2"},"CPUSD":{"from":"Pecunix (USD)","to":"CosmicPay (USD)","rate":"0.9700","available":"7557.52"},"CPEUR":{"from":"Pecunix (USD)","to":"CosmicPay (EUR)","rate":"0.7123","available":"10612.7"},"CGUSD":{"from":"Pecunix (USD)","to":"C-Gold (USD)","rate":"1.0000","available":"300"},"WTUSD":{"from":"Pecunix (USD)","to":"Wire Transfer (USD)","rate":"0.0000","available":"50000"},"WTEUR":{"from":"Pecunix (USD)","to":"Wire Transfer (EUR)","rate":"0.0000","available":"50000"},"WTGBP":{"from":"Pecunix (USD)","to":"Wire Transfer (GBP)","rate":"0.0000","available":"50000"}},"VXEUR":{"LRUSD":{"from":"VouchX (EUR)","to":"Liberty Reserve (USD)","rate":"1.2397","available":"3922.93"},"BCBTC":{"from":"VouchX (EUR)","to":"Bitcoin (BTC)","rate":"0.0094","available":"200.91"},"MTUSD":{"from":"VouchX (EUR)","to":"MtGox (USD)","rate":"1.2397","available":"88634.7"},"PMUSD":{"from":"VouchX (EUR)","to":"Perfect Money (USD)","rate":"1.2010","available":"4617.76"},"PXUSD":{"from":"VouchX (EUR)","to":"Pecunix (USD)","rate":"1.2397","available":"1204.36"},"VXUSD":{"from":"VouchX (EUR)","to":"VouchX (USD)","rate":"1.2526","available":"11882.2"},"CPUSD":{"from":"VouchX (EUR)","to":"CosmicPay (USD)","rate":"1.2397","available":"7557.52"},"CPEUR":{"from":"VouchX (EUR)","to":"CosmicPay (EUR)","rate":"0.9800","available":"10612.7"},"CGUSD":{"from":"VouchX (EUR)","to":"C-Gold (USD)","rate":"1.2655","available":"300"},"WTUSD":{"from":"VouchX (EUR)","to":"Wire Transfer (USD)","rate":"1.2397","available":"50000"},"WTEUR":{"from":"VouchX (EUR)","to":"Wire Transfer (EUR)","rate":"0.9800","available":"50000"},"WTGBP":{"from":"VouchX (EUR)","to":"Wire Transfer (GBP)","rate":"0.8305","available":"50000"}},"VXUSD":{"LRUSD":{"from":"VouchX (USD)","to":"Liberty Reserve (USD)","rate":"0.9800","available":"3922.93"},"BCBTC":{"from":"VouchX (USD)","to":"Bitcoin (BTC)","rate":"0.0074","available":"200.91"},"MTUSD":{"from":"VouchX (USD)","to":"MtGox (USD)","rate":"0.9900","available":"88634.7"},"PMUSD":{"from":"VouchX (USD)","to":"Perfect Money (USD)","rate":"0.9600","available":"4617.76"},"PXUSD":{"from":"VouchX (USD)","to":"Pecunix (USD)","rate":"0.9900","available":"1204.36"},"VXEUR":{"from":"VouchX (USD)","to":"VouchX (EUR)","rate":"0.7510","available":"10049.4"},"CPUSD":{"from":"VouchX (USD)","to":"CosmicPay (USD)","rate":"0.9900","available":"7557.52"},"CPEUR":{"from":"VouchX (USD)","to":"CosmicPay (EUR)","rate":"0.7433","available":"10612.7"},"CGUSD":{"from":"VouchX (USD)","to":"C-Gold (USD)","rate":"0.9900","available":"300"},"WTUSD":{"from":"VouchX (USD)","to":"Wire Transfer (USD)","rate":"0.9800","available":"50000"},"WTEUR":{"from":"VouchX (USD)","to":"Wire Transfer (EUR)","rate":"0.7433","available":"50000"},"WTGBP":{"from":"VouchX (USD)","to":"Wire Transfer (GBP)","rate":"0.6431","available":"50000"}},"CPUSD":{"LRUSD":{"from":"CosmicPay (USD)","to":"Liberty Reserve (USD)","rate":"0.9700","available":"3922.93"},"BCBTC":{"from":"CosmicPay (USD)","to":"Bitcoin (BTC)","rate":"0.0072","available":"200.91"},"MTUSD":{"from":"CosmicPay (USD)","to":"MtGox (USD)","rate":"0.9800","available":"88634.7"},"PMUSD":{"from":"CosmicPay (USD)","to":"Perfect Money (USD)","rate":"0.9500","available":"4617.76"},"PXUSD":{"from":"CosmicPay (USD)","to":"Pecunix (USD)","rate":"0.9800","available":"1204.36"},"VXEUR":{"from":"CosmicPay (USD)","to":"VouchX (EUR)","rate":"0.7510","available":"10049.4"},"VXUSD":{"from":"CosmicPay (USD)","to":"VouchX (USD)","rate":"0.9900","available":"11882.2"},"CPEUR":{"from":"CosmicPay (USD)","to":"CosmicPay (EUR)","rate":"0.7510","available":"10612.7"},"CGUSD":{"from":"CosmicPay (USD)","to":"C-Gold (USD)","rate":"0.9900","available":"300"},"WTUSD":{"from":"CosmicPay (USD)","to":"Wire Transfer (USD)","rate":"0.9700","available":"50000"},"WTEUR":{"from":"CosmicPay (USD)","to":"Wire Transfer (EUR)","rate":"0.7355","available":"50000"},"WTGBP":{"from":"CosmicPay (USD)","to":"Wire Transfer (GBP)","rate":"0.6298","available":"50000"}},"CPEUR":{"LRUSD":{"from":"CosmicPay (EUR)","to":"Liberty Reserve (USD)","rate":"1.2268","available":"3922.93"},"BCBTC":{"from":"CosmicPay (EUR)","to":"Bitcoin (BTC)","rate":"0.0093","available":"200.91"},"MTUSD":{"from":"CosmicPay (EUR)","to":"MtGox (USD)","rate":"1.2526","available":"88634.7"},"PMUSD":{"from":"CosmicPay (EUR)","to":"Perfect Money (USD)","rate":"1.1880","available":"4617.76"},"PXUSD":{"from":"CosmicPay (EUR)","to":"Pecunix (USD)","rate":"1.2655","available":"1204.36"},"VXEUR":{"from":"CosmicPay (EUR)","to":"VouchX (EUR)","rate":"0.9800","available":"10049.4"},"VXUSD":{"from":"CosmicPay (EUR)","to":"VouchX (USD)","rate":"1.2526","available":"11882.2"},"CPUSD":{"from":"CosmicPay (EUR)","to":"CosmicPay (USD)","rate":"1.2526","available":"7557.52"},"CGUSD":{"from":"CosmicPay (EUR)","to":"C-Gold (USD)","rate":"1.2655","available":"300"},"WTUSD":{"from":"CosmicPay (EUR)","to":"Wire Transfer (USD)","rate":"1.2268","available":"50000"},"WTEUR":{"from":"CosmicPay (EUR)","to":"Wire Transfer (EUR)","rate":"0.9700","available":"50000"},"WTGBP":{"from":"CosmicPay (EUR)","to":"Wire Transfer (GBP)","rate":"0.8133","available":"50000"}},"WTUSD":{"LRUSD":{"from":"Wire Transfer (USD)","to":"Liberty Reserve (USD)","rate":"0.9800","available":"3922.93"},"BCBTC":{"from":"Wire Transfer (USD)","to":"Bitcoin (BTC)","rate":"0.0000","available":"200.91"},"MTUSD":{"from":"Wire Transfer (USD)","to":"MtGox (USD)","rate":"0.9900","available":"88634.7"},"PMUSD":{"from":"Wire Transfer (USD)","to":"Perfect Money (USD)","rate":"0.9600","available":"4617.76"},"PXUSD":{"from":"Wire Transfer (USD)","to":"Pecunix (USD)","rate":"0.9900","available":"1204.36"},"VXEUR":{"from":"Wire Transfer (USD)","to":"VouchX (EUR)","rate":"0.7510","available":"10049.4"},"VXUSD":{"from":"Wire Transfer (USD)","to":"VouchX (USD)","rate":"0.9900","available":"11882.2"},"CPUSD":{"from":"Wire Transfer (USD)","to":"CosmicPay (USD)","rate":"0.9900","available":"7557.52"},"CPEUR":{"from":"Wire Transfer (USD)","to":"CosmicPay (EUR)","rate":"0.7433","available":"10612.7"},"CGUSD":{"from":"Wire Transfer (USD)","to":"C-Gold (USD)","rate":"1.0000","available":"300"},"WTEUR":{"from":"Wire Transfer (USD)","to":"Wire Transfer (EUR)","rate":"0.0000","available":"50000"},"WTGBP":{"from":"Wire Transfer (USD)","to":"Wire Transfer (GBP)","rate":"0.0000","available":"50000"}},"WTEUR":{"LRUSD":{"from":"Wire Transfer (EUR)","to":"Liberty Reserve (USD)","rate":"1.2268","available":"3922.93"},"BCBTC":{"from":"Wire Transfer (EUR)","to":"Bitcoin (BTC)","rate":"0.0000","available":"200.91"},"MTUSD":{"from":"Wire Transfer (EUR)","to":"MtGox (USD)","rate":"1.2397","available":"88634.7"},"PMUSD":{"from":"Wire Transfer (EUR)","to":"Perfect Money (USD)","rate":"1.2268","available":"4617.76"},"PXUSD":{"from":"Wire Transfer (EUR)","to":"Pecunix (USD)","rate":"1.2526","available":"1204.36"},"VXEUR":{"from":"Wire Transfer (EUR)","to":"VouchX (EUR)","rate":"0.9900","available":"10049.4"},"VXUSD":{"from":"Wire Transfer (EUR)","to":"VouchX (USD)","rate":"1.2526","available":"11882.2"},"CPUSD":{"from":"Wire Transfer (EUR)","to":"CosmicPay (USD)","rate":"1.2397","available":"7557.52"},"CPEUR":{"from":"Wire Transfer (EUR)","to":"CosmicPay (EUR)","rate":"0.9700","available":"10612.7"},"CGUSD":{"from":"Wire Transfer (EUR)","to":"C-Gold (USD)","rate":"1.2655","available":"300"},"WTUSD":{"from":"Wire Transfer (EUR)","to":"Wire Transfer (USD)","rate":"0.0000","available":"50000"},"WTGBP":{"from":"Wire Transfer (EUR)","to":"Wire Transfer (GBP)","rate":"0.0000","available":"50000"}},"WTGBP":{"LRUSD":{"from":"Wire Transfer (GBP)","to":"Liberty Reserve (USD)","rate":"1.4327","available":"3922.93"},"BCBTC":{"from":"Wire Transfer (GBP)","to":"Bitcoin (BTC)","rate":"0.0000","available":"200.91"},"MTUSD":{"from":"Wire Transfer (GBP)","to":"MtGox (USD)","rate":"1.4478","available":"88634.7"},"PMUSD":{"from":"Wire Transfer (GBP)","to":"Perfect Money (USD)","rate":"1.4026","available":"4617.76"},"PXUSD":{"from":"Wire Transfer (GBP)","to":"Pecunix (USD)","rate":"1.4629","available":"1204.36"},"VXEUR":{"from":"Wire Transfer (GBP)","to":"VouchX (EUR)","rate":"1.1210","available":"10049.4"},"VXUSD":{"from":"Wire Transfer (GBP)","to":"VouchX (USD)","rate":"1.4629","available":"11882.2"},"CPUSD":{"from":"Wire Transfer (GBP)","to":"CosmicPay (USD)","rate":"1.4478","available":"7557.52"},"CPEUR":{"from":"Wire Transfer (GBP)","to":"CosmicPay (EUR)","rate":"1.1210","available":"10612.7"},"CGUSD":{"from":"Wire Transfer (GBP)","to":"C-Gold (USD)","rate":"1.4780","available":"300"},"WTUSD":{"from":"Wire Transfer (GBP)","to":"Wire Transfer (USD)","rate":"0.0000","available":"50000"},"WTEUR":{"from":"Wire Transfer (GBP)","to":"Wire Transfer (EUR)","rate":"0.0000","available":"50000"}}}}